{
  "project_info": {
    "project_number": "1006723746093",
    "project_id": "smartchat-42ee7",
    "storage_bucket": "smartchat-42ee7.appspot.com"
  },
  "client": [
    {
      "client_info": {
        "mobilesdk_app_id": "1:1006723746093:android:185b32a42c53cc09a66ba4",
        "android_client_info": {
          "package_name": "com.sindiealexandra.smartchat"
        }
      },
      "oauth_client": [
        {
          "client_id": "1006723746093-apssar92rgrjq8a1rp36f2nej5rlgbg5.apps.googleusercontent.com",
          "client_type": 3
        }
      ],
      "api_key": [
        {
          "current_key": "AIzaSyCJ1KU8McWbS1HVkaarhc-ZB9QDAalGiTA"
        }
      ],
      "services": {
        "appinvite_service": {
          "other_platform_oauth_client": [
            {
              "client_id": "1006723746093-apssar92rgrjq8a1rp36f2nej5rlgbg5.apps.googleusercontent.com",
              "client_type": 3
            }
          ]
        }
      }
    }
  ],
  "configuration_version": "1"
}